<?xml version="1.0" encoding="UTF-8"?>
<!DOCTYPE mapper PUBLIC "-//mybatis.org//DTD Mapper 3.0//EN" "http://mybatis.org/dtd/mybatis-3-mapper.dtd">

<mapper namespace="com.dao.JiaoshiDao">

	<!-- 可根据自己的需求，是否要使用 -->
    <resultMap type="com.entity.JiaoshiEntity" id="jiaoshiMap">
        <result property="jiaoshigonghao" column="jiaoshigonghao"/>
        <result property="mima" column="mima"/>
        <result property="jiaoshixingming" column="jiaoshixingming"/>
        <result property="bumen" column="bumen"/>
        <result property="xingbie" column="xingbie"/>
        <result property="shouji" column="shouji"/>
        <result property="youxiang" column="youxiang"/>
        <result property="shenfenzheng" column="shenfenzheng"/>
        <result property="zhaopian" column="zhaopian"/>
    </resultMap>

	<select id="selectListVO"
		resultType="com.entity.vo.JiaoshiVO" >
		SELECT * FROM jiaoshi  jiaoshi         
        <where> 1=1 ${ew.sqlSegment}</where>
	</select>
	
	<select id="selectVO"
		resultType="com.entity.vo.JiaoshiVO" >
		SELECT  jiaoshi.* FROM jiaoshi  jiaoshi
 		<where> 1=1 ${ew.sqlSegment}</where>
	</select>

    <select id="selectListView"
		resultType="com.entity.view.JiaoshiView" >

		SELECT  jiaoshi.* FROM jiaoshi  jiaoshi 	        
        <where> 1=1 ${ew.sqlSegment}</where>
	</select>
	
	<select id="selectView"
		resultType="com.entity.view.JiaoshiView" >
		SELECT * FROM jiaoshi  jiaoshi <where> 1=1 ${ew.sqlSegment}</where>
	</select>
	
	
</mapper>