<?xml version="1.0" encoding="UTF-8"?>
<!DOCTYPE mapper PUBLIC "-//mybatis.org//DTD Mapper 3.0//EN" "http://mybatis.org/dtd/mybatis-3-mapper.dtd">

<mapper namespace="com.dao.ShixunbaogaoDao">

	<!-- 可根据自己的需求，是否要使用 -->
    <resultMap type="com.entity.ShixunbaogaoEntity" id="shixunbaogaoMap">
        <result property="xiangmubianhao" column="xiangmubianhao"/>
        <result property="xiangmumingcheng" column="xiangmumingcheng"/>
        <result property="wenjian" column="wenjian"/>
        <result property="xunliantaidu" column="xunliantaidu"/>
        <result property="manyichengdu" column="manyichengdu"/>
        <result property="zhanghao" column="zhanghao"/>
        <result property="xingming" column="xingming"/>
    </resultMap>

	<select id="selectListVO"
		resultType="com.entity.vo.ShixunbaogaoVO" >
		SELECT * FROM shixunbaogao  shixunbaogao         
        <where> 1=1 ${ew.sqlSegment}</where>
	</select>
	
	<select id="selectVO"
		resultType="com.entity.vo.ShixunbaogaoVO" >
		SELECT  shixunbaogao.* FROM shixunbaogao  shixunbaogao
 		<where> 1=1 ${ew.sqlSegment}</where>
	</select>

    <select id="selectListView"
		resultType="com.entity.view.ShixunbaogaoView" >

		SELECT  shixunbaogao.* FROM shixunbaogao  shixunbaogao 	        
        <where> 1=1 ${ew.sqlSegment}</where>
	</select>
	
	<select id="selectView"
		resultType="com.entity.view.ShixunbaogaoView" >
		SELECT * FROM shixunbaogao  shixunbaogao <where> 1=1 ${ew.sqlSegment}</where>
	</select>
	
	
</mapper>