<?xml version="1.0" encoding="UTF-8"?>
<!DOCTYPE mapper PUBLIC "-//mybatis.org//DTD Mapper 3.0//EN" "http://mybatis.org/dtd/mybatis-3-mapper.dtd">

<mapper namespace="com.dao.ShixunxiangmuDao">

	<!-- 可根据自己的需求，是否要使用 -->
    <resultMap type="com.entity.ShixunxiangmuEntity" id="shixunxiangmuMap">
        <result property="xiangmubianhao" column="xiangmubianhao"/>
        <result property="xiangmumingcheng" column="xiangmumingcheng"/>
        <result property="xiangmuneirong" column="xiangmuneirong"/>
        <result property="tupian" column="tupian"/>
        <result property="kaishishijian" column="kaishishijian"/>
        <result property="xunliantianshu" column="xunliantianshu"/>
        <result property="beizhu" column="beizhu"/>
    </resultMap>

	<select id="selectListVO"
		resultType="com.entity.vo.ShixunxiangmuVO" >
		SELECT * FROM shixunxiangmu  shixunxiangmu         
        <where> 1=1 ${ew.sqlSegment}</where>
	</select>
	
	<select id="selectVO"
		resultType="com.entity.vo.ShixunxiangmuVO" >
		SELECT  shixunxiangmu.* FROM shixunxiangmu  shixunxiangmu
 		<where> 1=1 ${ew.sqlSegment}</where>
	</select>

    <select id="selectListView"
		resultType="com.entity.view.ShixunxiangmuView" >

		SELECT  shixunxiangmu.* FROM shixunxiangmu  shixunxiangmu 	        
        <where> 1=1 ${ew.sqlSegment}</where>
	</select>
	
	<select id="selectView"
		resultType="com.entity.view.ShixunxiangmuView" >
		SELECT * FROM shixunxiangmu  shixunxiangmu <where> 1=1 ${ew.sqlSegment}</where>
	</select>
	
	
</mapper>