<?xml version="1.0" encoding="UTF-8"?>
<!DOCTYPE mapper PUBLIC "-//mybatis.org//DTD Mapper 3.0//EN" "http://mybatis.org/dtd/mybatis-3-mapper.dtd">

<mapper namespace="com.dao.ShixunpingguDao">

	<!-- 可根据自己的需求，是否要使用 -->
    <resultMap type="com.entity.ShixunpingguEntity" id="shixunpingguMap">
        <result property="xiangmubianhao" column="xiangmubianhao"/>
        <result property="xiangmumingcheng" column="xiangmumingcheng"/>
        <result property="zhanghao" column="zhanghao"/>
        <result property="xingming" column="xingming"/>
        <result property="pingyu" column="pingyu"/>
        <result property="shifoutongguo" column="shifoutongguo"/>
        <result property="dengjishijian" column="dengjishijian"/>
    </resultMap>

	<select id="selectListVO"
		resultType="com.entity.vo.ShixunpingguVO" >
		SELECT * FROM shixunpinggu  shixunpinggu         
        <where> 1=1 ${ew.sqlSegment}</where>
	</select>
	
	<select id="selectVO"
		resultType="com.entity.vo.ShixunpingguVO" >
		SELECT  shixunpinggu.* FROM shixunpinggu  shixunpinggu
 		<where> 1=1 ${ew.sqlSegment}</where>
	</select>

    <select id="selectListView"
		resultType="com.entity.view.ShixunpingguView" >

		SELECT  shixunpinggu.* FROM shixunpinggu  shixunpinggu 	        
        <where> 1=1 ${ew.sqlSegment}</where>
	</select>
	
	<select id="selectView"
		resultType="com.entity.view.ShixunpingguView" >
		SELECT * FROM shixunpinggu  shixunpinggu <where> 1=1 ${ew.sqlSegment}</where>
	</select>
	
	
</mapper>